City,Province
Charlottetown,Prince Edward Island
Summerside,Prince Edward Island
Cape Breto,Nova Scotia
Halifax,Nova Scotia
Kentville,Nova Scotia
New Glasgow,Nova Scotia
Truro,Nova Scotia
Bathurst,New Brunswick
Campbellton,New Brunswick
Edmundston,New Brunswick
Fredericton,New Brunswick
Miramich,New Brunswick
Moncton,New Brunswick
Saint John,New Brunswick
Alma,Quebec
Amos,Quebec
Baie-Comeau,Quebec
Cowansville,Quebec
Dolbeau-Mistassini,Quebec
Drummondville,Quebec
Granby,Quebec
Joliette,Quebec
Lachute,Quebec
Matane,Quebec
Montréal,Quebec
Québec,Quebec
Rimouski,Quebec
Rivière-du-Loup,Quebec
Rouyn-Noranda,Quebec
Saguenay,Quebec
Saint-Georges,Quebec
Saint-Hyacinthe,Quebec
Sainte-Agathe-des-Monts,Quebec
Sainte-Marie,Quebec
Salaberry-de-Valleyfield,Quebec
Sept-Îles,Quebec
Shawinigan,Quebec
Sherbrooke,Quebec
Sorel-Tracy,Quebec
Thetford Mines,Quebec
Trois-Rivières,Quebec
Val-d'Or,Quebec
Victoriaville,Quebec
Barrie,Ontario
Belleville - Quinte West,Ontario
Brantford,Ontario
Brockville,Ontario
Centre Wellington,Ontario
Chatham-Kent,Ontario
Cobourg,Ontario
Collingwood,Ontario
Cornwall,Ontario
Elliot Lake,Ontario
Essa,Ontario
Greater Sudbury,Ontario
Guelph,Ontario
Hamilton,Ontario
Hawkesbury,Ontario
Ingersoll,Ontario
Kawartha Lakes,Ontario
Kenora,Ontario
Kingston,Ontario
Kitchener,Ontario
London,Ontario
Midland,Ontario
Norfolk,Ontario
North Bay,Ontario
Orillia,Ontario
Oshawa,Ontario
Ottawa,Ontario
Owen Sound,Ontario
Pembroke,Ontario
Petawawa,Ontario
Peterborough,Ontario
Port Hope,Ontario
Sarnia,Ontario
Sault Ste. Marie,Ontario
St. Catharines - Niagara,Ontario
Stratford,Ontario
Thunder Bay,Ontario
Tillsonburg,Ontario
Timmins,Ontario
Toronto,Ontario
Wasaga Beach,Ontario
Windsor,Ontario
Woodstock,Ontario
Brandon,Manitoba
Portage la Prairie,Manitoba
Steinbach,Manitoba
Thompson,Manitoba
Winkler,Manitoba
Winnipeg,Manitoba
Estevan,Saskatchewan
Moose Jaw,Saskatchewan
North Battleford,Saskatchewan
Prince Albert,Saskatchewan
Regina,Saskatchewan
Saskatoon,Saskatchewan
Swift Current,Saskatchewan
Weyburn,Saskatchewan
Yorkton,Saskatchewan
Brooks,Alberta
Calgary,Alberta
Camrose,Alberta
Canmore,Alberta
Edmonton,Alberta
Grande Prairie,Alberta
High River,Alberta
Lacombe,Alberta
Lethbridge,Alberta
Lloydminster,Alberta
Medicine Hat,Alberta
Okotoks,Alberta
Red Deer,Alberta
Strathmore,Alberta
Sylvan Lake,Alberta
Wetaskiwin,Alberta
Wood Buffalo,Alberta
Abbotsford - Mission,British Columbia
Campbell River,British Columbia
Chilliwack,British Columbia
Courtenay,British Columbia
Cranbrook,British Columbia
Dawson Creek,British Columbia
Duncan,British Columbia
Fort St. John,British Columbia
Kamloops,British Columbia
Kelowna,British Columbia
Ladysmith,British Columbia
Nanaimo,British Columbia
Nelson,British Columbia
Parksville,British Columbia
Penticton,British Columbia
Port Alberni,British Columbia
Powell River,British Columbia
Prince George,British Columbia
Prince Rupert,British Columbia
Quesnel,British Columbia
Salmon Arm,British Columbia
Squamish,British Columbia
Terrace,British Columbia
Trail,British Columbia
Vancouver,British Columbia
Vernon,British Columbia
Victoria,British Columbia
Williams Lake,British Columbia
